{"cameraMode":{"drawMode":0,"name":"Shaded","section":"Shading Mode"},"sceneLighting":true,"audioPlay":false,"sceneViewState":{"showFog":true,"showMaterialUpdate":true,"showSkybox":true,"showFlares":true,"showImageEffects":true,"showParticleSystems":true},"in2DMode":false,"pivot":{"x":-6.0592498779296879,"y":1.0327606201171876,"z":27.532482147216798},"rotation":{"x":-0.11883265525102616,"y":0.6687690019607544,"z":-0.10951077193021774,"w":-0.7256956696510315},"size":83.00383758544922,"orthographic":false}